{"cameraMode":{"drawMode":0,"name":"Shaded","section":"Shading Mode"},"sceneLighting":true,"audioPlay":false,"sceneViewState":{"showFog":true,"showMaterialUpdate":false,"showSkybox":true,"showFlares":true,"showImageEffects":true,"showParticleSystems":true},"in2DMode":false,"pivot":{"x":2.630544424057007,"y":3.4717135429382326,"z":0.9988455772399902},"rotation":{"x":-0.016143575310707094,"y":-0.982509434223175,"z":0.15452897548675538,"w":-0.10264305770397186},"size":4.777862548828125,"orthographic":false}